Host,Musical_Guest,IMDBratings,air_date,season_number,Season,overall_rating,18–49 Rating,episode_number
George Carlin,Billy Preston & Janis Ian,7.6,10-11-1975,1,1975–76,6.4,N/A,1
Paul Simon,"Randy Newman, Phoebe Snow, Art Garfunkel & Jessy Dixon Singers",6.4,10-18-1975,1,1975–76,6.4,N/A,2
Rob Reiner,none,7,10-25-1975,1,1975–76,6.4,N/A,3
Candice Bergen,Esther Phillips,7.1,11-8-1975,1,1975–76,6.4,N/A,4
Robert Klein,ABBA & Loudon Wainwright III,6.9,11-15-1975,1,1975–76,6.4,N/A,5
Lily Tomlin,Tomlin with Howard Shore & the All Nurse Band,7.1,11-22-1975,1,1975–76,6.4,N/A,6
Richard Pryor,Gil Scott-Heron,8.6,12-13-1975,1,1975–76,6.4,N/A,7
Candice Bergen,Martha Reeves & The Stylistics,7.1,12-20-1975,1,1975–76,6.4,N/A,8
Elliott Gould,Anne Murray,7,01-10-1976,1,1975–76,6.4,N/A,9
Buck Henry,Bill Withers & Toni Basil,7.8,01-17-1976,1,1975–76,6.4,N/A,10
Peter Cook & Dudley Moore,Neil Sedaka,7.4,01-24-1976,1,1975–76,6.4,N/A,11
Dick Cavett,Jimmy Cliff,6.4,01-31-1976,1,1975–76,6.4,N/A,12
Peter Boyle,Al Jarreau,7.2,02-14-1976,1,1975–76,6.4,N/A,13
Desi Arnaz,"Desi Arnaz & Desi Arnaz, Jr.",7.3,02-21-1976,1,1975–76,6.4,N/A,14
Jill Clayburgh,Leon Redbone & The Idlers,7.4,02-28-1976,1,1975–76,6.4,N/A,15
Anthony Perkins,Betty Carter,7.3,03-13-1976,1,1975–76,6.4,N/A,16
Ron Nessen,Patti Smith,7.2,04-17-1976,1,1975–76,6.4,N/A,17
Raquel Welch,Phoebe Snow & John Sebastian,6.9,04-24-1976,1,1975–76,6.4,N/A,18
Madeline Kahn,Carly Simon,8.2,05-8-1976,1,1975–76,6.4,N/A,19
Dyan Cannon,Leon and Mary Russell,6.7,05-15-1976,1,1975–76,6.4,N/A,20
Buck Henry,Gordon Lightfoot & Garrett Morris,7.6,05-22-1976,1,1975–76,6.4,N/A,21
Elliott Gould,"Leon Redbone, Harlan Collins & Joyce Everson",8,05-29-1976,1,1975–76,6.4,N/A,22
Louise Lasser,Preservation Hall Jazz Band,5.5,07-24-1976,1,1975–76,6.4,N/A,23
Kris Kristofferson,Rita Coolidge,7,07-31-1976,1,1975–76,6.4,N/A,24
Lily Tomlin,James Taylor,7.4,09-18-1976,2,1976–77,7.9,N/A,25
Norman Lear,Boz Scaggs,7.6,09-25-1976,2,1976–77,7.9,N/A,26
Eric Idle,Joe Cocker & Stuff,7.8,10-2-1976,2,1976–77,7.9,N/A,27
Karen Black,John Prine,6.8,10-16-1976,2,1976–77,7.9,N/A,28
Steve Martin,Kinky Friedman,7.6,10-23-1976,2,1976–77,7.9,N/A,29
Buck Henry,The Band,7.6,10-30-1976,2,1976–77,7.9,N/A,30
Dick Cavett,Ry Cooder,7,11-13-1976,2,1976–77,7.9,N/A,31
Paul Simon,Paul Simon & George Harrison,7.7,11-20-1976,2,1976–77,7.9,N/A,32
Jodie Foster,Brian Wilson,7,11-27-1976,2,1976–77,7.9,N/A,33
Candice Bergen,"Frank Zappa with Don Pardo as ""The Slime""",8,12-11-1976,2,1976–77,7.9,N/A,34
Ralph Nader,George Benson,7.4,01-15-1977,2,1976–77,7.9,N/A,35
Ruth Gordon,Chuck Berry,7.3,01-22-1977,2,1976–77,7.9,N/A,36
Fran Tarkenton,Leo SayerDonny Harper,6.7,01-29-1977,2,1976–77,7.9,N/A,37
Steve Martin,The Kinks,8,02-26-1977,2,1976–77,7.9,N/A,38
Sissy Spacek,Richard Baskin,7.3,03-12-1977,2,1976–77,7.9,N/A,39
Broderick Crawford,Levon HelmDr. JohnThe Meters,7.4,03-19-1977,2,1976–77,7.9,N/A,40
Jack Burns,Santana,7.2,03-26-1977,2,1976–77,7.9,N/A,41
Julian Bond,Tom WaitsBrick,6.9,04-9-1977,2,1976–77,7.9,N/A,42
Elliott Gould,McGarrigle SistersRoslyn Kind,7,04-16-1977,2,1976–77,7.9,N/A,43
Eric Idle,Alan PriceNeil Innes,7.6,04-23-1977,2,1976–77,7.9,N/A,44
Shelley Duvall,Joan Armatrading,7.4,05-14-1977,2,1976–77,7.9,N/A,45
Buck Henry,Jennifer WarnesKenny Vance,7.9,05-21-1977,2,1976–77,7.9,N/A,46
Steve Martin,Jackson Browne,7.5,09-24-1977,3,1977–78,9.8,N/A,47
Madeline Kahn,Taj Mahal,7,10-8-1977,3,1977–78,9.8,N/A,48
Hugh Hefner,Libby Titus,6.6,10-15-1977,3,1977–78,9.8,N/A,49
Charles Grodin,Paul Simon,7.1,10-29-1977,3,1977–78,9.8,N/A,50
Ray Charles,Ray Charles,8,11-12-1977,3,1977–78,9.8,N/A,51
Buck Henry,Leon Redbone,7.1,11-19-1977,3,1977–78,9.8,N/A,52
Mary Kay Place,Willie Nelson,7.7,12-10-1977,3,1977–78,9.8,N/A,53
Miskel Spillman,Elvis Costello,7.7,12-17-1977,3,1977–78,9.8,N/A,54
Steve Martin,"Randy Newman, The Nitty Gritty Dirt Band",7.8,01-21-1978,3,1977–78,9.8,N/A,55
Robert Klein,Bonnie Raitt,7.8,01-28-1978,3,1977–78,9.8,N/A,56
Chevy Chase,Billy Joel,7.6,02-18-1978,3,1977–78,9.8,N/A,57
O. J. Simpson,Ashford and Simpson,7.2,02-25-1978,3,1977–78,9.8,N/A,58
Art Garfunkel,Stephen Bishop,6.7,03-11-1978,3,1977–78,9.8,N/A,59
Jill Clayburgh,Eddie Money,6.9,03-18-1978,3,1977–78,9.8,N/A,60
Christopher Lee,Meat Loaf,7.6,03-25-1978,3,1977–78,9.8,N/A,61
Michael Palin,Eugene Record,7.6,04-8-1978,3,1977–78,9.8,N/A,62
Michael Sarrazin,Keith Jarrett,7,04-15-1978,3,1977–78,9.8,N/A,63
Steve Martin,The Blues Brothers,8.6,04-22-1978,3,1977–78,9.8,N/A,64
Richard Dreyfuss,"Jimmy Buffett, Gary Tigerman",7.5,05-13-1978,3,1977–78,9.8,N/A,65
Buck Henry,Sun Ra,7.3,05-20-1978,3,1977–78,9.8,N/A,66
The Rolling Stones,The Rolling Stones,7.5,10-7-1978,4,1978–79,13.1,N/A,67
Fred Willard,Devo,7.2,10-14-1978,4,1978–79,13.1,N/A,68
Frank Zappa,Frank Zappa,7.1,10-21-1978,4,1978–79,13.1,N/A,69
Steve Martin,Van Morrison,8.1,11-4-1978,4,1978–79,13.1,N/A,70
Buck Henry,Grateful Dead,7,11-11-1978,4,1978–79,13.1,N/A,71
Carrie Fisher,The Blues Brothers,8,11-18-1978,4,1978–79,13.1,N/A,72
Walter Matthau,none,7.7,12-2-1978,4,1978–79,13.1,N/A,73
Eric Idle,Kate Bush,7.8,12-9-1978,4,1978–79,13.1,N/A,74
Elliott Gould,Peter Tosh with Mick Jagger,6.2,12-16-1978,4,1978–79,13.1,N/A,75
Michael Palin,The Doobie Brothers,7.1,01-27-1979,4,1978–79,13.1,N/A,76
Cicely Tyson,Talking Heads,7.2,02-10-1979,4,1978–79,13.1,N/A,77
Ricky Nelson,Judy Collins,7.3,02-17-1979,4,1978–79,13.1,N/A,78
Kate Jackson,Delbert McClinton,6.5,02-24-1979,4,1978–79,13.1,N/A,79
Gary Busey,Eubie Blake & Gregory HinesGary Busey with Rick Danko & Paul Butterfield,7.4,03-10-1979,4,1978–79,13.1,N/A,80
Margot Kidder,The Chieftains,7,03-17-1979,4,1978–79,13.1,N/A,81
Richard Benjamin,Rickie Lee Jones,7.4,04-7-1979,4,1978–79,13.1,N/A,82
Milton Berle,Ornette Coleman,6.3,04-14-1979,4,1978–79,13.1,N/A,83
Michael Palin,James Taylor,7.5,05-12-1979,4,1978–79,13.1,N/A,84
Maureen Stapleton,Linda RonstadtPhoebe Snow,7.4,05-19-1979,4,1978–79,13.1,N/A,85
Buck Henry,Bette Midler,8,05-26-1979,4,1978–79,13.1,N/A,86
Steve Martin,Blondie,7.6,10-13-1979,5,1979–80,13.5,N/A,87
Eric Idle,Bob Dylan,7.8,10-20-1979,5,1979–80,13.5,N/A,88
Bill Russell,Chicago,6.5,11-3-1979,5,1979–80,13.5,N/A,89
Buck Henry,Tom Petty and the Heartbreakers,6.8,11-10-1979,5,1979–80,13.5,N/A,90
Bea Arthur,The Roches,6.3,11-17-1979,5,1979–80,13.5,N/A,91
Howard Hesseman,Randy Newman,6.3,12-8-1979,5,1979–80,13.5,N/A,92
Martin Sheen,David Bowie,7,12-15-1979,5,1979–80,13.5,N/A,93
Ted Knight,Desmond Child & Rouge,6.1,12-22-1979,5,1979–80,13.5,N/A,94
Teri Garr,The B-52's,6.5,01-26-1980,5,1979–80,13.5,N/A,95
Chevy Chase,Marianne FaithfullTom Scott,6.7,02-9-1980,5,1979–80,13.5,N/A,96
Elliott Gould,Gary Numan,6.3,02-16-1980,5,1979–80,13.5,N/A,97
Kirk Douglas,Sam & Dave,7,02-23-1980,5,1979–80,13.5,N/A,98
Rodney Dangerfield,The J. Geils Band,7,03-8-1980,5,1979–80,13.5,N/A,99
None,Paul SimonJames TaylorDavid Sanborn,6.5,03-15-1980,5,1979–80,13.5,N/A,100
Richard BenjaminPaula Prentiss,Grateful Dead,6.1,04-5-1980,5,1979–80,13.5,N/A,101
Burt Reynolds,Anne Murray,5.9,04-12-1980,5,1979–80,13.5,N/A,102
Strother Martin,The Specials,7,04-19-1980,5,1979–80,13.5,N/A,103
Bob Newhart,The Amazing Rhythm AcesBruce Cockburn,7.3,05-10-1980,5,1979–80,13.5,N/A,104
Steve Martin,"3-D, Paul McCartney and Linda McCartney",8.1,05-17-1980,5,1979–80,13.5,N/A,105
Buck Henry,Andrew GoldAndrae Crouch & the Voices of Unity,8.1,05-24-1980,5,1979–80,13.5,N/A,106
Elliott Gould,Kid Creole & the Coconuts,6.7,11-15-1980,6,1980–81,10.5,N/A,107
Malcolm McDowell,Captain Beefheart & His Magic Band,5.4,11-22-1980,6,1980–81,10.5,N/A,108
Ellen Burstyn,Aretha FranklinKeith Sykes,6.5,12-6-1980,6,1980–81,10.5,N/A,109
Jamie Lee Curtis,James BrownEllen Shipley,6.5,12-13-1980,6,1980–81,10.5,N/A,110
David Carradine,Linda RonstadtThe Cast of The Pirates of Penzance,6.2,12-20-1980,6,1980–81,10.5,N/A,111
Ray Sharkey,Jack Bruce & Friends,5.9,01-10-1981,6,1980–81,10.5,N/A,112
Karen Black,Cheap TrickStanley Clarke Trio,6,01-17-1981,6,1980–81,10.5,N/A,113
Robert Hays,"Joe ""King"" Carrasco & the Crowns14 Karat Soul",6,01-24-1981,6,1980–81,10.5,N/A,114
Sally Kellerman,Jimmy Cliff,6.3,02-7-1981,6,1980–81,10.5,N/A,115
Deborah Harry,Deborah HarryFunky Four Plus One,6.6,02-14-1981,6,1980–81,10.5,N/A,116
Charlene Tilton,Todd RundgrenPrince,5.8,02-21-1981,6,1980–81,10.5,N/A,117
Bill Murray,Delbert McClinton,7.6,03-7-1981,6,1980–81,10.5,N/A,118
None,Jr. Walker & the All-Stars,7.6,04-11-1981,6,1980–81,10.5,N/A,119
None,Rod Stewart,6.4,10-3-1981,7,1981–82,9.0,N/A,120
Susan Saint James,The Kinks,5.9,10-10-1981,7,1981–82,9.0,N/A,121
George Kennedy,Miles Davis,7.4,10-17-1981,7,1981–82,9.0,N/A,122
Donald Pleasence,Fear,6.7,10-31-1981,7,1981–82,9.0,N/A,123
Lauren Hutton,Rick James,6.4,11-7-1981,7,1981–82,9.0,N/A,124
Bernadette Peters,The Go-Go'sBilly Joel,6.8,11-14-1981,7,1981–82,9.0,N/A,125
Tim Curry,Meat Loaf,6.4,12-5-1981,7,1981–82,9.0,N/A,126
Bill Murray,The SpinnersThe Whiffenpoofs,6.6,12-12-1981,7,1981–82,9.0,N/A,127
Robert Conrad,The Allman Brothers Band,6.5,01-23-1982,7,1981–82,9.0,N/A,128
John Madden,Jennifer Holliday,6.5,01-30-1982,7,1981–82,9.0,N/A,129
James Coburn,Lindsey Buckingham,6.2,02-6-1982,7,1981–82,9.0,N/A,130
Bruce Dern,Luther Vandross,5.6,02-20-1982,7,1981–82,9.0,N/A,131
Elizabeth Ashley,Hall & Oates,7.7,02-27-1982,7,1981–82,9.0,N/A,132
Robert Urich,Mink DeVille,6.5,03-20-1982,7,1981–82,9.0,N/A,133
Blythe Danner,Rickie Lee Jones,6,03-27-1982,7,1981–82,9.0,N/A,134
Daniel J. Travanti,John Cougar Mellencamp,6.4,04-10-1982,7,1981–82,9.0,N/A,135
Johnny Cash,Elton John,7.8,04-17-1982,7,1981–82,9.0,N/A,136
Robert Culp,The Charlie Daniels Band,6.4,04-24-1982,7,1981–82,9.0,N/A,137
Danny DeVito,Sparks,6.8,05-15-1982,7,1981–82,9.0,N/A,138
Olivia Newton-John,Olivia Newton-John,7.8,05-22-1982,7,1981–82,9.0,N/A,139
Chevy Chase,Queen,8.5,09-25-1982,8,1982–83,7.4,N/A,140
"Louis Gossett, Jr.",George Thorogood & the Destroyers,7.2,10-2-1982,8,1982–83,7.4,N/A,141
Ron Howard,The Clash,8.1,10-9-1982,8,1982–83,7.4,N/A,142
Howard Hesseman,Men at Work,7.5,10-23-1982,8,1982–83,7.4,N/A,143
Michael Keaton,The New Joe Jackson Band,7.1,10-30-1982,8,1982–83,7.4,N/A,144
Robert Blake,Kenny Loggins,6.1,11-13-1982,8,1982–83,7.4,N/A,145
Drew Barrymore,Squeeze,7.8,11-20-1982,8,1982–83,7.4,N/A,146
The Smothers Brothers,Laura Branigan,7.5,12-4-1982,8,1982–83,7.4,N/A,147
Eddie Murphy,Lionel Richie,8.1,12-11-1982,8,1982–83,7.4,N/A,148
Lily Tomlin,Tomlin as Pervis Hawkins,6.9,01-22-1983,8,1982–83,7.4,N/A,149
Rick MoranisDave Thomas,The Bus Boys,7.6,01-29-1983,8,1982–83,7.4,N/A,150
Sid Caesar,Joe CockerJennifer Warnes,6.7,02-5-1983,8,1982–83,7.4,N/A,151
Howard Hesseman,Tom Petty & The Heartbreakers,7.5,02-19-1983,8,1982–83,7.4,N/A,152
Beau BridgesJeff Bridges,Randy Newman,6.7,02-26-1983,8,1982–83,7.4,N/A,153
Bruce Dern,Leon Redbone,6.8,03-12-1983,8,1982–83,7.4,N/A,154
Robert Guillaume,Duran Duran,8,03-19-1983,8,1982–83,7.4,N/A,155
Joan Rivers,Musical Youth,8,04-9-1983,8,1982–83,7.4,N/A,156
Susan Saint James,Michael McDonald,7.5,04-16-1983,8,1982–83,7.4,N/A,157
Stevie Wonder,Stevie Wonder,7.9,05-7-1983,8,1982–83,7.4,N/A,158
Ed Koch,Kevin RowlandDexys Midnight Runners,7.9,05-14-1983,8,1982–83,7.4,N/A,159
Brandon Tartikoff,John Cougar Mellencamp,6.1,10-8-1983,9,1983–84,7.4,N/A,160
Danny DeVito & Rhea Perlman,Eddy Grant,6.1,10-15-1983,9,1983–84,7.4,N/A,161
John Candy,Men at Work,6.5,10-22-1983,9,1983–84,7.4,N/A,162
Betty Thomas,Stray Cats,5.9,11-5-1983,9,1983–84,7.4,N/A,163
Teri Garr,Mick Fleetwood's Zoo,6.1,11-12-1983,9,1983–84,7.4,N/A,164
Jerry Lewis,Loverboy,5.9,11-19-1983,9,1983–84,7.4,N/A,165
The Smothers Brothers,Big Country,5.9,12-3-1983,9,1983–84,7.4,N/A,166
Flip Wilson,Stevie Nicks,6.4,12-10-1983,9,1983–84,7.4,N/A,167
Father Guido Sarducci (Don Novello),Huey Lewis and the News,6.3,01-14-1984,9,1983–84,7.4,N/A,168
Michael Palin,The Motels,6.3,01-21-1984,9,1983–84,7.4,N/A,169
Don Rickles,Billy Idol,8,01-28-1984,9,1983–84,7.4,N/A,170
Robin Williams,Adam Ant,6.7,02-11-1984,9,1983–84,7.4,N/A,171
Jamie Lee Curtis,The Fixx,7,02-18-1984,9,1983–84,7.4,N/A,172
Edwin Newman,Kool & the Gang,6.6,02-25-1984,9,1983–84,7.4,N/A,173
Billy Crystal,Al Jarreau,5.9,03-17-1984,9,1983–84,7.4,N/A,174
Michael Douglas,Deniece Williams,6.5,04-7-1984,9,1983–84,7.4,N/A,175
George McGovern,Madness,5.9,04-14-1984,9,1983–84,7.4,N/A,176
Barry Bostwick,Spinal Tap,7.7,05-5-1984,9,1983–84,7.4,N/A,177
"Billy Crystal, Ed Koch, Edwin Newman, Don Novello, Betty Thomas",The Cars,6.2,05-12-1984,9,1983–84,7.4,N/A,178
(none),Thompson Twins,6.4,10-6-1984,10,1984–85,7.5,N/A,179
Bob Uecker,Peter Wolf,6.5,10-13-1984,10,1984–85,7.5,N/A,180
Jesse Jackson,Andrae CrouchWintley Phipps,6.2,10-20-1984,10,1984–85,7.5,N/A,181
Michael McKean,Chaka KhanThe Folksmen,7,11-3-1984,10,1984–85,7.5,N/A,182
George Carlin,Frankie Goes to Hollywood,8,11-10-1984,10,1984–85,7.5,N/A,183
Ed Asner,The Kinks,7.3,11-17-1984,10,1984–85,7.5,N/A,184
"Ed Begley, Jr.",Billy Squier,5.6,12-1-1984,10,1984–85,7.5,N/A,185
Ringo Starr,Herbie Hancock,6.4,12-8-1984,10,1984–85,7.5,N/A,186
Eddie Murphy,Robert Plant & the Honeydrippers,7.4,12-15-1984,10,1984–85,7.5,N/A,187
Kathleen Turner,John Waite,5.9,01-12-1985,10,1984–85,7.5,N/A,188
Roy Scheider,Billy Ocean,7.5,01-19-1985,10,1984–85,7.5,N/A,189
Alex Karras,Tina Turner,6.5,02-2-1985,10,1984–85,7.5,N/A,190
Harry Anderson,Bryan Adams,6,02-9-1985,10,1984–85,7.5,N/A,191
Pamela Sue Martin,Power Station,5.7,02-16-1985,10,1984–85,7.5,N/A,192
Mr. THulk Hogan,The Commodores,6.3,03-30-1985,10,1984–85,7.5,N/A,193
Christopher Reeve,Santana,6.2,04-6-1985,10,1984–85,7.5,N/A,194
Howard Cosell,Greg Kihn,6.1,04-13-1985,10,1984–85,7.5,N/A,195
Madonna,Simple Minds,6.5,11-9-1985,11,1985–86,7.1,N/A,196
Chevy Chase,Sheila E,6.6,11-16-1985,11,1985–86,7.1,N/A,197
Paul Reubens as Pee-wee Herman,Queen Ida & the Bon Temps Zydeco Band,6.5,11-23-1985,11,1985–86,7.1,N/A,198
John Lithgow,Mr. Mister,6.8,12-7-1985,11,1985–86,7.1,N/A,199
Tom Hanks,Sade,6.4,12-14-1985,11,1985–86,7.1,N/A,200
Teri Garr,The Dream AcademyThe Cult,6.7,12-21-1985,11,1985–86,7.1,N/A,201
Harry Dean Stanton,The Replacements,6.4,01-18-1986,11,1985–86,7.1,N/A,202
Dudley Moore,Al Green,5.7,01-25-1986,11,1985–86,7.1,N/A,203
Ron Reagan,The Nelsons,6.7,02-8-1986,11,1985–86,7.1,N/A,204
Jerry Hall,Stevie Ray VaughanDouble Trouble,6,02-15-1986,11,1985–86,7.1,N/A,205
Jay Leno,The Neville Brothers,5.2,02-22-1986,11,1985–86,7.1,N/A,206
Griffin Dunne,Rosanne Cash,6.8,03-15-1986,11,1985–86,7.1,N/A,207
George WendtFrancis Ford Coppola,Philip Glass,6.9,03-22-1986,11,1985–86,7.1,N/A,208
Oprah Winfrey,Joe Jackson,5.7,04-12-1986,11,1985–86,7.1,N/A,209
Tony Danza,Laurie Anderson,5.1,04-19-1986,11,1985–86,7.1,N/A,210
Catherine OxenbergPaul Simon,Paul SimonLadysmith Black Mambazo,6.9,05-10-1986,11,1985–86,7.1,N/A,211
Jimmy Breslin,Level 42E.G. Daily,5.9,05-17-1986,11,1985–86,7.1,N/A,212
Anjelica HustonBilly Martin,George ClintonParliament-Funkadelic,7.2,05-24-1986,11,1985–86,7.1,N/A,213
Sigourney Weaver,None,7.8,10-11-1986,12,1986–87,7.6,N/A,214
Malcolm-Jamal Warner,Run-DMC,5.9,10-18-1986,12,1986–87,7.6,N/A,215
Rosanna Arquette,Ric Ocasek,6.5,11-8-1986,12,1986–87,7.6,N/A,216
Sam Kinison,Lou Reed,6.8,11-15-1986,12,1986–87,7.6,N/A,217
Robin Williams,Paul Simon,7.9,11-22-1986,12,1986–87,7.6,N/A,218
"Chevy Chase, Steve Martin, Martin Short",Randy Newman,8,12-6-1986,12,1986–87,7.6,N/A,219
Steve Guttenberg,The Pretenders,7,12-13-1986,12,1986–87,7.6,N/A,220
William Shatner,Lone Justice,8.1,12-20-1986,12,1986–87,7.6,N/A,221
Joe MontanaWalter Payton,Deborah Harry,6.5,01-24-1987,12,1986–87,7.6,N/A,222
Paul Shaffer,Bruce Hornsby & the Range,5.9,01-31-1987,12,1986–87,7.6,N/A,223
Bronson Pinchot,Paul Young,6.3,02-14-1987,12,1986–87,7.6,N/A,224
Willie Nelson,Willie Nelson,7.1,02-21-1987,12,1986–87,7.6,N/A,225
Valerie Bertinelli,Robert Cray Band,6.9,02-28-1987,12,1986–87,7.6,N/A,226
Bill Murray,Percy Sledge,6.8,03-21-1987,12,1986–87,7.6,N/A,227
Charlton Heston,Wynton Marsalis,7.4,03-28-1987,12,1986–87,7.6,N/A,228
John Lithgow,Anita Baker,5.8,04-11-1987,12,1986–87,7.6,N/A,229
John Larroquette,Timbuk 3,6,04-18-1987,12,1986–87,7.6,N/A,230
Mark Harmon,Suzanne Vega,5.8,05-9-1987,12,1986–87,7.6,N/A,231
Garry Shandling,Los Lobos,5.7,05-16-1987,12,1986–87,7.6,N/A,232
Dennis Hopper,Roy Orbison,6.6,05-23-1987,12,1986–87,7.6,N/A,233
Steve Martin,Sting,7.2,10-17-1987,13,1987–88,8.4,6.4,234
Sean Penn,LL Cool J & Michael Penn,5.8,10-24-1987,13,1987–88,8.4,6.4,235
Dabney Coleman,The Cars,7.4,10-31-1987,13,1987–88,8.4,6.4,236
Robert Mitchum,Simply Red,5.9,11-14-1987,13,1987–88,8.4,6.4,237
Candice Bergen,Cher,6.1,11-21-1987,13,1987–88,8.4,6.4,238
Danny DeVito,Bryan Ferry,5.6,12-5-1987,13,1987–88,8.4,6.4,239
Angie Dickinson,Buster PoindexterDavid Gilmour,6.1,12-12-1987,13,1987–88,8.4,6.4,240
Paul Simon,Linda Ronstadt,5.8,12-19-1987,13,1987–88,8.4,6.4,241
Robin Williams,James Taylor,6.9,01-23-1988,13,1987–88,8.4,6.4,242
Carl Weathers,Robbie Robertson,6.3,01-30-1988,13,1987–88,8.4,6.4,243
Justine Bateman,Terence Trent D'Arby,6.7,02-13-1988,13,1987–88,8.4,6.4,244
Tom Hanks,Randy Travis,6.1,02-20-1988,13,1987–88,8.4,6.4,245
Judge Reinhold,"10,000 Maniacs",6.5,02-27-1988,13,1987–88,8.4,6.4,246
Tom Hanks,Keith Richards,6.9,10-8-1988,14,1988–89,7.9,5.5,247
Matthew Broderick,The Sugarcubes,5.6,10-15-1988,14,1988–89,7.9,5.5,248
John Larroquette,Randy NewmanMark Knopfler,6.1,10-22-1988,14,1988–89,7.9,5.5,249
Matthew Modine,Edie Brickell and New Bohemians,5.9,11-5-1988,14,1988–89,7.9,5.5,250
Demi Moore,Johnny Clegg & Savuka,6.4,11-12-1988,14,1988–89,7.9,5.5,251
John Lithgow,Tracy Chapman,6.6,11-19-1988,14,1988–89,7.9,5.5,252
Danny DeVito,The Bangles,6.4,12-3-1988,14,1988–89,7.9,5.5,253
Kevin Kline,Bobby McFerrin,7.1,12-10-1988,14,1988–89,7.9,5.5,254
Melanie Griffith,Little Feat,6.4,12-17-1988,14,1988–89,7.9,5.5,255
John Malkovich,Anita Baker,6.1,01-21-1989,14,1988–89,7.9,5.5,256
Tony Danza,John Hiatt,6.8,01-28-1989,14,1988–89,7.9,5.5,257
Ted Danson,Luther Vandross,5.8,02-11-1989,14,1988–89,7.9,5.5,258
Leslie Nielsen,Cowboy Junkies,6,02-18-1989,14,1988–89,7.9,5.5,259
Glenn Close,Gipsy Kings,5.8,02-25-1989,14,1988–89,7.9,5.5,260
Mary Tyler Moore,Elvis Costello,6,03-25-1989,14,1988–89,7.9,5.5,261
Mel Gibson,Living Colour,6,04-1-1989,14,1988–89,7.9,5.5,262
Dolly Parton,Dolly Parton,6.2,04-15-1989,14,1988–89,7.9,5.5,263
Geena Davis,John Cougar Mellencamp,5.8,04-22-1989,14,1988–89,7.9,5.5,264
Wayne Gretzky,Fine Young Cannibals,6.4,05-13-1989,14,1988–89,7.9,5.5,265
Steve Martin,Tom Petty & the Heartbreakers,7.6,05-20-1989,14,1988–89,7.9,5.5,266
Bruce Willis,Neil Young,6.7,09-30-1989,15,1989–90,8.1,5.8,267
Rick Moranis,Rickie Lee Jones,6,10-7-1989,15,1989–90,8.1,5.8,268
Kathleen Turner,Billy Joel,6.1,10-21-1989,15,1989–90,8.1,5.8,269
James Woods,Don Henley,5.9,10-28-1989,15,1989–90,8.1,5.8,270
Chris Evert,Eurythmics,6.3,11-11-1989,15,1989–90,8.1,5.8,271
Woody Harrelson,David Byrne,5.9,11-18-1989,15,1989–90,8.1,5.8,272
John Goodman,k.d. lang,5.9,12-2-1989,15,1989–90,8.1,5.8,273
Robert Wagner,Linda RonstadtAaron Neville,6.2,12-9-1989,15,1989–90,8.1,5.8,274
Andie MacDowell,Tracy Chapman,5.7,12-16-1989,15,1989–90,8.1,5.8,275
Ed O'Neill,"Harry Connick, Jr.",6.1,01-13-1990,15,1989–90,8.1,5.8,276
Christopher Walken,Bonnie Raitt,6.6,01-20-1990,15,1989–90,8.1,5.8,277
Quincy Jones,"Tevin Campbell, Kool Moe Dee & Big Daddy Kane",5.6,02-10-1990,15,1989–90,8.1,5.8,278
Tom Hanks,Aerosmith,6.7,02-17-1990,15,1989–90,8.1,5.8,279
Fred Savage,Technotronic,6.6,02-24-1990,15,1989–90,8.1,5.8,280
Rob Lowe,The Pogues,6.1,03-17-1990,15,1989–90,8.1,5.8,281
Debra Winger,Eric Clapton,6,03-24-1990,15,1989–90,8.1,5.8,282
Corbin Bernsen,The Smithereens,6,04-14-1990,15,1989–90,8.1,5.8,283
Alec Baldwin,The B-52's,6.6,04-21-1990,15,1989–90,8.1,5.8,284
Andrew Dice Clay,Julee Cruise & Spanic Boys,6.7,05-12-1990,15,1989–90,8.1,5.8,285
Candice Bergen,The Notting Hillbillies,5.1,05-19-1990,15,1989–90,8.1,5.8,286
Kyle MacLachlan,Sinéad O'Connor,7.4,09-29-1990,16,1990–91,7.5,5.7,287
Susan Lucci,Hothouse Flowers,6.7,10-6-1990,16,1990–91,7.5,5.7,288
George Steinbrenner,Morris Day & The Time,6.4,10-20-1990,16,1990–91,7.5,5.7,289
Patrick Swayze,Mariah Carey,7.9,10-27-1990,16,1990–91,7.5,5.7,290
Jimmy Smits,World Party,6.3,11-10-1990,16,1990–91,7.5,5.7,291
Dennis Hopper,Paul Simon,6.5,11-17-1990,16,1990–91,7.5,5.7,292
John Goodman,Faith No More,7,12-1-1990,16,1990–91,7.5,5.7,293
Tom Hanks,Edie Brickell & New Bohemians,6.8,12-8-1990,16,1990–91,7.5,5.7,294
Dennis Quaid,The Neville Brothers,5.7,12-15-1990,16,1990–91,7.5,5.7,295
Joe Mantegna,Vanilla Ice,6.7,01-12-1991,16,1990–91,7.5,5.7,296
Sting,Sting,6.4,01-19-1991,16,1990–91,7.5,5.7,297
Kevin Bacon,INXS,6.5,02-9-1991,16,1990–91,7.5,5.7,298
Roseanne Barr,Deee-Lite,5.7,02-16-1991,16,1990–91,7.5,5.7,299
Alec Baldwin,Whitney Houston,6.8,02-23-1991,16,1990–91,7.5,5.7,300
Michael J. Fox,The Black Crowes,6.7,03-16-1991,16,1990–91,7.5,5.7,301
Jeremy Irons,Fishbone,6.6,03-23-1991,16,1990–91,7.5,5.7,302
Catherine O'Hara,R.E.M.,6.6,04-13-1991,16,1990–91,7.5,5.7,303
Steven Seagal,Michael Bolton,6.2,04-20-1991,16,1990–91,7.5,5.7,304
Delta Burke,Chris Isaak,5.8,05-11-1991,16,1990–91,7.5,5.7,305
George Wendt,Elvis Costello,6,05-18-1991,16,1990–91,7.5,5.7,306
Michael Jordan,Public Enemy,7.3,09-28-1991,17,1991–92,8.8,6.8,307
Jeff Daniels,Color Me Badd,7.6,10-5-1991,17,1991–92,8.8,6.8,308
Kirstie Alley,Tom Petty & The Heartbreakers,6.9,10-12-1991,17,1991–92,8.8,6.8,309
Christian Slater,Bonnie Raitt,7.7,10-26-1991,17,1991–92,8.8,6.8,310
Kiefer Sutherland,Skid Row,7.6,11-2-1991,17,1991–92,8.8,6.8,311
Linda Hamilton,Mariah Carey,7.8,11-16-1991,17,1991–92,8.8,6.8,312
Macaulay Culkin,Tin Machine,7.5,11-23-1991,17,1991–92,8.8,6.8,313
MC Hammer,MC Hammer,5.1,12-7-1991,17,1991–92,8.8,6.8,314
Steve Martin,James Taylor,7.9,12-14-1991,17,1991–92,8.8,6.8,315
Rob Morrow,Nirvana,7.6,01-11-1992,17,1991–92,8.8,6.8,316
Chevy Chase,Robbie RobertsonBruce Hornsby & the Range,6.9,01-18-1992,17,1991–92,8.8,6.8,317
Susan Dey,C&C Music Factory,7.5,02-8-1992,17,1991–92,8.8,6.8,318
Jason Priestley,Teenage Fanclub,7.7,02-15-1992,17,1991–92,8.8,6.8,319
Roseanne ArnoldTom Arnold,Red Hot Chili Peppers,7.8,02-22-1992,17,1991–92,8.8,6.8,320
John Goodman,Garth Brooks,7.4,03-14-1992,17,1991–92,8.8,6.8,321
Mary Stuart Masterson,En Vogue,6.4,03-21-1992,17,1991–92,8.8,6.8,322
Sharon Stone,Pearl Jam,7.9,04-11-1992,17,1991–92,8.8,6.8,323
Jerry Seinfeld,Annie Lennox,7.2,04-18-1992,17,1991–92,8.8,6.8,324
Tom Hanks,Bruce Springsteen,7.3,05-9-1992,17,1991–92,8.8,6.8,325
Woody Harrelson,Vanessa Williams,6.8,05-16-1992,17,1991–92,8.8,6.8,326
Nicolas Cage,Bobby Brown,6.5,09-26-1992,18,1992–93,9.2,7.1,327
Tim Robbins,Sinéad O'Connor,6.6,10-3-1992,18,1992–93,9.2,7.1,328
Joe Pesci,The Spin Doctors,6.7,10-10-1992,18,1992–93,9.2,7.1,329
Christopher Walken,Arrested Development,7.6,10-24-1992,18,1992–93,9.2,7.1,330
Catherine O'Hara,"10,000 Maniacs",6.8,10-31-1992,18,1992–93,9.2,7.1,331
Michael Keaton,Morrissey,7.3,11-14-1992,18,1992–93,9.2,7.1,332
Sinbad,Sade,5.3,11-21-1992,18,1992–93,9.2,7.1,333
Tom Arnold,Neil Young,5.7,12-5-1992,18,1992–93,9.2,7.1,334
Glenn Close,The Black Crowes,6.2,12-12-1992,18,1992–93,9.2,7.1,335
Danny DeVito,Bon Jovi,6.4,01-9-1993,18,1992–93,9.2,7.1,336
Harvey Keitel,Madonna,7.1,01-16-1993,18,1992–93,9.2,7.1,337
Luke Perry,Mick Jagger,5.9,02-6-1993,18,1992–93,9.2,7.1,338
Alec Baldwin,Paul McCartney,7.4,02-13-1993,18,1992–93,9.2,7.1,339
Bill Murray,Sting,8,02-20-1993,18,1992–93,9.2,7.1,340
John Goodman,Mary J. Blige,6.4,03-13-1993,18,1992–93,9.2,7.1,341
Miranda Richardson,Soul Asylum,7.3,03-20-1993,18,1992–93,9.2,7.1,342
Jason Alexander,Peter Gabriel,7.1,04-10-1993,18,1992–93,9.2,7.1,343
Kirstie Alley,Lenny Kravitz,6.3,04-17-1993,18,1992–93,9.2,7.1,344
Christina Applegate,Midnight Oil,7.3,05-8-1993,18,1992–93,9.2,7.1,345
Kevin Kline,Willie Nelson & Paul Simon,6.2,05-15-1993,18,1992–93,9.2,7.1,346
Charles Barkley,Nirvana,7.5,09-25-1993,19,1993–94,8.2,6.3,347
Shannen Doherty,Cypress Hill,6.6,10-2-1993,19,1993–94,8.2,6.3,348
Jeff Goldblum,Aerosmith,6.3,10-9-1993,19,1993–94,8.2,6.3,349
John Malkovich,Billy Joel,7,10-23-1993,19,1993–94,8.2,6.3,350
Christian Slater,The Smashing Pumpkins,7,10-30-1993,19,1993–94,8.2,6.3,351
Rosie O'Donnell,James TaylorDon Grolnick,4.2,11-13-1993,19,1993–94,8.2,6.3,352
Nicole Kidman,Stone Temple Pilots,6.7,11-20-1993,19,1993–94,8.2,6.3,353
Charlton Heston,Paul Westerberg,6.2,12-4-1993,19,1993–94,8.2,6.3,354
Sally Field,Tony! Toni! Toné!Lili Haydn,6.2,12-11-1993,19,1993–94,8.2,6.3,355
Jason Patric,Blind Melon,5.9,01-8-1994,19,1993–94,8.2,6.3,356
Sara Gilbert,Counting Crows,6.5,01-15-1994,19,1993–94,8.2,6.3,357
Patrick Stewart,Salt-N-Pepa,7.3,02-5-1994,19,1993–94,8.2,6.3,358
Alec Baldwin and Kim Basinger,UB40,6.4,02-12-1994,19,1993–94,8.2,6.3,359
Martin Lawrence,Crash Test Dummies,5.9,02-19-1994,19,1993–94,8.2,6.3,360
Nancy Kerrigan,Aretha Franklin,4.9,03-12-1994,19,1993–94,8.2,6.3,361
Helen Hunt,Snoop Doggy Dogg,7,03-19-1994,19,1993–94,8.2,6.3,362
Kelsey Grammer,Dwight Yoakam,4.8,04-9-1994,19,1993–94,8.2,6.3,363
Emilio Estevez,Pearl Jam,7.1,04-16-1994,19,1993–94,8.2,6.3,364
John Goodman,The Pretenders,5.5,05-7-1994,19,1993–94,8.2,6.3,365
Heather Locklear,Janet Jackson,6.4,05-14-1994,19,1993–94,8.2,6.3,366
Steve Martin,Eric Clapton,7.5,09-24-1994,20,1994–95,7.2,5.4,367
Marisa Tomei,Bonnie Raitt,6.9,10-1-1994,20,1994–95,7.2,5.4,368
John Travolta,Seal,7.9,10-15-1994,20,1994–95,7.2,5.4,369
Dana Carvey,Edie Brickell & Paul Simon,6.6,10-22-1994,20,1994–95,7.2,5.4,370
Sarah Jessica Parker,R.E.M.,6.3,11-12-1994,20,1994–95,7.2,5.4,371
John Turturro,Tom Petty,6.4,11-19-1994,20,1994–95,7.2,5.4,372
Roseanne,Green Day,6.9,12-3-1994,20,1994–95,7.2,5.4,373
Alec Baldwin,Beastie Boys,7.3,12-10-1994,20,1994–95,7.2,5.4,374
George Foreman,Hole,6.3,12-17-1994,20,1994–95,7.2,5.4,375
Jeff Daniels,Luscious Jackson,7.8,01-14-1995,20,1994–95,7.2,5.4,376
David Hyde Pierce,Live,6.9,01-21-1995,20,1994–95,7.2,5.4,377
Bob Newhart,Des'ree,7.4,02-11-1995,20,1994–95,7.2,5.4,378
Deion Sanders,Bon Jovi,6,02-18-1995,20,1994–95,7.2,5.4,379
George Clooney,The Cranberries,6.1,02-25-1995,20,1994–95,7.2,5.4,380
Paul Reiser,Annie Lennox,6.7,03-18-1995,20,1994–95,7.2,5.4,381
John Goodman,The Tragically Hip,7.8,03-25-1995,20,1994–95,7.2,5.4,382
Damon Wayans,Dionne Farris,7.2,04-8-1995,20,1994–95,7.2,5.4,383
Courteney Cox,Dave Matthews Band,7.4,04-15-1995,20,1994–95,7.2,5.4,384
Bob Saget,TLC,6.7,05-6-1995,20,1994–95,7.2,5.4,385
David Duchovny,Rod Stewart,7.9,05-13-1995,20,1994–95,7.2,5.4,386
Mariel Hemingway,Blues Traveler,6.9,09-30-1995,21,1995–96,5.6,3.8,387
Chevy Chase,Lisa Loeb & Nine Stories,6.6,10-7-1995,21,1995–96,5.6,3.8,388
David Schwimmer,Natalie Merchant,5.8,10-21-1995,21,1995–96,5.6,3.8,389
Gabriel Byrne,Alanis Morissette,6.2,10-28-1995,21,1995–96,5.6,3.8,390
Quentin Tarantino,The Smashing Pumpkins,7.1,11-11-1995,21,1995–96,5.6,3.8,391
Laura Leighton,Rancid,5.8,11-18-1995,21,1995–96,5.6,3.8,392
Anthony Edwards,Foo Fighters,6.5,12-2-1995,21,1995–96,5.6,3.8,393
David Alan Grier,Silverchair,6.3,12-9-1995,21,1995–96,5.6,3.8,394
Madeline Kahn,Bush,5.6,12-16-1995,21,1995–96,5.6,3.8,395
Christopher Walken,Joan Osborne,7.3,01-13-1996,21,1995–96,5.6,3.8,396
Alec Baldwin,Tori Amos,6.8,01-20-1996,21,1995–96,5.6,3.8,397
Danny Aiello,Coolio,5.8,02-10-1996,21,1995–96,5.6,3.8,398
Tom Arnold,Tupac Shakur,6.8,02-17-1996,21,1995–96,5.6,3.8,399
Elle Macpherson,Sting,6.3,02-24-1996,21,1995–96,5.6,3.8,400
John Goodman,Everclear,7.5,03-16-1996,21,1995–96,5.6,3.8,401
Phil Hartman,Gin Blossoms,6.9,03-23-1996,21,1995–96,5.6,3.8,402
Steve Forbes,Rage Against the Machine,5.6,04-13-1996,21,1995–96,5.6,3.8,403
Teri Hatcher,Dave Matthews Band,6.5,04-20-1996,21,1995–96,5.6,3.8,404
Christine Baranski,The Cure,6.4,05-11-1996,21,1995–96,5.6,3.8,405
Jim Carrey,Soundgarden,8.4,05-18-1996,21,1995–96,5.6,3.8,406
Tom Hanks,Tom Petty & the Heartbreakers,4.5,09-28-1996,22,1996–97,6.7,4.8,407
Lisa Kudrow,Sheryl Crow,5.5,10-5-1996,22,1996–97,6.7,4.8,408
Bill Pullman,New Edition,4.8,10-19-1996,22,1996–97,6.7,4.8,409
Dana Carvey,Dr. Dre,5.8,10-26-1996,22,1996–97,6.7,4.8,410
Chris Rock,The Wallflowers,4.4,11-2-1996,22,1996–97,6.7,4.8,411
"Robert Downey, Jr.",Fiona Apple,6.4,11-16-1996,22,1996–97,6.7,4.8,412
Phil Hartman,Bush,5.7,11-23-1996,22,1996–97,6.7,4.8,413
Martin Short,No Doubt,5.9,12-7-1996,22,1996–97,6.7,4.8,414
Rosie O'Donnell,Whitney Houston,4.1,12-14-1996,22,1996–97,6.7,4.8,415
Kevin Spacey,Beck,6.9,01-11-1997,22,1996–97,6.7,4.8,416
David Alan Grier,Snoop Doggy Dogg,6,01-18-1997,22,1996–97,6.7,4.8,417
Neve Campbell,David Bowie,6.1,02-8-1997,22,1996–97,6.7,4.8,418
Chevy Chase,Live,5.5,02-15-1997,22,1996–97,6.7,4.8,419
Alec Baldwin,Tina Turner,5.9,02-22-1997,22,1996–97,6.7,4.8,420
Sting,Veruca Salt,5.6,03-15-1997,22,1996–97,6.7,4.8,421
Mike Myers,Aerosmith,6.3,03-22-1997,22,1996–97,6.7,4.8,422
Rob Lowe,Spice Girls,5.7,04-12-1997,22,1996–97,6.7,4.8,423
Pamela Anderson,Rollins Band,4,04-19-1997,22,1996–97,6.7,4.8,424
John Goodman,Jewel,6.3,05-10-1997,22,1996–97,6.7,4.8,425
Jeff Goldblum,En Vogue,6.3,05-17-1997,22,1996–97,6.7,4.8,426
Sylvester Stallone,Jamiroquai,7.5,09-27-1997,23,1997–98,6.6,5.0,427
Matthew Perry,Oasis,6.3,10-4-1997,23,1997–98,6.6,5.0,428
Brendan Fraser,Björk,5.6,10-18-1997,23,1997–98,6.6,5.0,429
Chris Farley,The Mighty Mighty Bosstones,7,10-25-1997,23,1997–98,6.6,5.0,430
Jon Lovitz,Jane's Addiction,5.8,11-8-1997,23,1997–98,6.6,5.0,431
Claire Danes,Mariah Carey,5.2,11-15-1997,23,1997–98,6.6,5.0,432
Rudolph Giuliani,Sarah McLachlan,5.6,11-22-1997,23,1997–98,6.6,5.0,433
Nathan Lane,Metallica & Marianne Faithfull,6.3,12-6-1997,23,1997–98,6.6,5.0,434
Helen Hunt,Hanson,5.9,12-13-1997,23,1997–98,6.6,5.0,435
Samuel L. Jackson,Ben Folds Five,7.3,01-10-1998,23,1997–98,6.6,5.0,436
Sarah Michelle Gellar,Portishead,5.9,01-17-1998,23,1997–98,6.6,5.0,437
John Goodman,Paula Cole,5.8,02-7-1998,23,1997–98,6.6,5.0,438
Roma Downey,Missy Misdemeanor Elliott,5.5,02-14-1998,23,1997–98,6.6,5.0,439
Garth Brooks,Garth Brooks,6.6,02-28-1998,23,1997–98,6.6,5.0,440
Scott Wolf,Natalie Imbruglia,4.9,03-7-1998,23,1997–98,6.6,5.0,441
Julianne Moore,Backstreet Boys,5.1,03-14-1998,23,1997–98,6.6,5.0,442
Steve Buscemi,Third Eye Blind,6.8,04-4-1998,23,1997–98,6.6,5.0,443
Greg Kinnear,All Saints,5.6,04-11-1998,23,1997–98,6.6,5.0,444
Matthew Broderick,Natalie Merchant,6,05-2-1998,23,1997–98,6.6,5.0,445
David Duchovny,Puff DaddyJimmy Page,5.4,05-9-1998,23,1997–98,6.6,5.0,446
Cameron Diaz,The Smashing Pumpkins,6.8,09-26-1998,24,1998–99,6.1,4.5,447
Kelsey Grammer,Sheryl Crow,5.7,10-3-1998,24,1998–99,6.1,4.5,448
Lucy Lawless,Elliott Smith,7.2,10-17-1998,24,1998–99,6.1,4.5,449
Ben Stiller,Alanis Morissette,6,10-24-1998,24,1998–99,6.1,4.5,450
David Spade,Eagle-Eye Cherry,5.5,11-7-1998,24,1998–99,6.1,4.5,451
Joan Allen,Jewel,5.5,11-14-1998,24,1998–99,6.1,4.5,452
Jennifer Love Hewitt,Beastie Boys,5.6,11-21-1998,24,1998–99,6.1,4.5,453
Vince Vaughn,Lauryn Hill,5.8,12-5-1998,24,1998–99,6.1,4.5,454
Alec Baldwin,Luciano PavarottiVanessa WilliamsPhiladelphia Boys Choir & Chorale,6.7,12-12-1998,24,1998–99,6.1,4.5,455
Bill Paxton,Beck,6.6,01-9-1999,24,1998–99,6.1,4.5,456
James Van Der Beek,Everlast,5.5,01-16-1999,24,1998–99,6.1,4.5,457
Gwyneth Paltrow,Barenaked Ladies,6.4,02-6-1999,24,1998–99,6.1,4.5,458
Brendan Fraser,Busta RhymesThe Roots,6.5,02-13-1999,24,1998–99,6.1,4.5,459
Bill Murray,Lucinda Williams,5.9,02-20-1999,24,1998–99,6.1,4.5,460
Ray Romano,The Corrs,5.4,03-13-1999,24,1998–99,6.1,4.5,461
Drew Barrymore,Garbage,6.7,03-20-1999,24,1998–99,6.1,4.5,462
John Goodman,Tom Petty & the Heartbreakers,6,04-10-1999,24,1998–99,6.1,4.5,463
Cuba Gooding Jr.,Ricky Martin,3.9,05-8-1999,24,1998–99,6.1,4.5,464
Sarah Michelle Gellar,Backstreet Boys,6.8,05-15-1999,24,1998–99,6.1,4.5,465
Jerry Seinfeld,David Bowie,7.5,10-2-1999,25,1999–2000,6.0,4.4,466
Heather Graham,Marc Anthony,6.1,10-16-1999,25,1999–2000,6.0,4.4,467
Norm Macdonald,Dr. Dre featuring Snoop Dogg & Eminem,7.6,10-23-1999,25,1999–2000,6.0,4.4,468
Dylan McDermott,Foo Fighters,6.3,11-6-1999,25,1999–2000,6.0,4.4,469
Garth Brooks,Garth Brooks as Chris Gaines,6.3,11-13-1999,25,1999–2000,6.0,4.4,470
Jennifer Aniston,Sting,6.7,11-20-1999,25,1999–2000,6.0,4.4,471
Christina Ricci,Beck,6,12-4-1999,25,1999–2000,6.0,4.4,472
Danny DeVito,R.E.M.,6.1,12-11-1999,25,1999–2000,6.0,4.4,473
Jamie Foxx,Blink-182,6.1,01-8-2000,25,1999–2000,6.0,4.4,474
"Freddie Prinze, Jr.",Macy Gray,6.6,01-15-2000,25,1999–2000,6.0,4.4,475
Alan Cumming,Jennifer Lopez,5.7,02-5-2000,25,1999–2000,6.0,4.4,476
Julianna Margulies,DMX,6.2,02-12-2000,25,1999–2000,6.0,4.4,477
Ben Affleck,Fiona Apple,6.7,02-19-2000,25,1999–2000,6.0,4.4,478
Joshua Jackson,'N Sync,6.3,03-11-2000,25,1999–2000,6.0,4.4,479
The Rock (Dwayne Johnson),AC/DC,7.4,03-18-2000,25,1999–2000,6.0,4.4,480
Christopher Walken,Christina Aguilera,8,04-8-2000,25,1999–2000,6.0,4.4,481
Tobey Maguire,Sisqó,6.9,04-15-2000,25,1999–2000,6.0,4.4,482
John Goodman,Neil Young,6.2,05-6-2000,25,1999–2000,6.0,4.4,483
Britney Spears,Britney Spears,5,05-13-2000,25,1999–2000,6.0,4.4,484
Jackie Chan,Kid Rock,5.9,05-20-2000,25,1999–2000,6.0,4.4,485
Rob Lowe,Eminem,6.5,10-7-2000,26,2000–01,6.7,4.6,486
Kate Hudson,Radiohead,7.2,10-14-2000,26,2000–01,6.7,4.6,487
Dana Carvey,The Wallflowers,5.7,10-21-2000,26,2000–01,6.7,4.6,488
Charlize Theron,Paul Simon,5.8,11-4-2000,26,2000–01,6.7,4.6,489
Calista Flockhart,Ricky Martin,4.9,11-11-2000,26,2000–01,6.7,4.6,490
Tom Green,David Gray,5.4,11-18-2000,26,2000–01,6.7,4.6,491
Val Kilmer,U2,6.6,12-9-2000,26,2000–01,6.7,4.6,492
Lucy Liu,Jay-Z,5.8,12-16-2000,26,2000–01,6.7,4.6,493
Charlie Sheen,Nelly Furtado,5.5,01-13-2001,26,2000–01,6.7,4.6,494
Mena Suvari,Lenny Kravitz,5.7,01-20-2001,26,2000–01,6.7,4.6,495
Jennifer Lopez,Jennifer Lopez,5.2,02-10-2001,26,2000–01,6.7,4.6,496
Sean Hayes,Shaggy,6.7,02-17-2001,26,2000–01,6.7,4.6,497
Katie Holmes,Dave Matthews Band,5.7,02-24-2001,26,2000–01,6.7,4.6,498
Conan O'Brien,Don Henley,7.5,03-10-2001,26,2000–01,6.7,4.6,499
Julia Stiles,Aerosmith,6.1,03-17-2001,26,2000–01,6.7,4.6,500
Alec Baldwin,Coldplay,6.2,04-7-2001,26,2000–01,6.7,4.6,501
Renée Zellweger,Eve,5.2,04-14-2001,26,2000–01,6.7,4.6,502
Pierce Brosnan,Destiny's Child,6.7,05-5-2001,26,2000–01,6.7,4.6,503
Lara Flynn Boyle,Bon Jovi,5.9,05-12-2001,26,2000–01,6.7,4.6,504
Christopher Walken,Weezer,7.4,05-19-2001,26,2000–01,6.7,4.6,505
Reese Witherspoon,Alicia Keys,6.7,09-29-2001,27,2001–02,6.7,4.4,506
Seann William Scott,Sum 41,7.3,10-6-2001,27,2001–02,6.7,4.4,507
Drew Barrymore,Macy Gray,5.7,10-13-2001,27,2001–02,6.7,4.4,508
John Goodman,Ja Rule,5.7,11-3-2001,27,2001–02,6.7,4.4,509
Gwyneth Paltrow,Ryan Adams,6,11-10-2001,27,2001–02,6.7,4.4,510
Billy Bob Thornton,Creed,5.3,11-17-2001,27,2001–02,6.7,4.4,511
Derek Jeter,ShakiraBubba Sparxxx,6.5,12-1-2001,27,2001–02,6.7,4.4,512
Hugh Jackman,Mick Jagger,6.9,12-8-2001,27,2001–02,6.7,4.4,513
Ellen DeGeneres,No Doubt,5.9,12-15-2001,27,2001–02,6.7,4.4,514
Josh Hartnett,Pink,5.8,01-12-2002,27,2001–02,6.7,4.4,515
Jack Black,The Strokes,6.2,01-19-2002,27,2001–02,6.7,4.4,516
Britney Spears,Britney Spears,6.3,02-2-2002,27,2001–02,6.7,4.4,517
Jonny Moseley,Outkast,5.2,03-2-2002,27,2001–02,6.7,4.4,518
Jon Stewart,India.Arie,6.2,03-9-2002,27,2001–02,6.7,4.4,519
Ian McKellen,Kylie Minogue,7.2,03-16-2002,27,2001–02,6.7,4.4,520
Cameron Diaz,Jimmy Eat World,5.8,04-6-2002,27,2001–02,6.7,4.4,521
Dwayne Johnson,Andrew W.K.,5.5,04-13-2002,27,2001–02,6.7,4.4,522
Alec Baldwin,P.O.D.,5.9,04-20-2002,27,2001–02,6.7,4.4,523
Kirsten Dunst,Eminem,5.9,05-11-2002,27,2001–02,6.7,4.4,524
Winona Ryder,Moby,6.5,05-18-2002,27,2001–02,6.7,4.4,525
Matt Damon,Bruce Springsteen & the E Street Band,6.3,10-5-2002,28,2002–03,6.7,4.1,526
Sarah Michelle Gellar,Faith Hill,6.6,10-12-2002,28,2002–03,6.7,4.1,527
John McCain,The White Stripes,5.5,10-19-2002,28,2002–03,6.7,4.1,528
Eric McCormack,Jay-Z,5,11-2-2002,28,2002–03,6.7,4.1,529
Nia Vardalos,Eve,4.7,11-9-2002,28,2002–03,6.7,4.1,530
Brittany Murphy,Nelly,5.7,11-16-2002,28,2002–03,6.7,4.1,531
Robert De Niro,Norah Jones,5.8,12-7-2002,28,2002–03,6.7,4.1,532
Al Gore,Phish,6.1,12-14-2002,28,2002–03,6.7,4.1,533
Jeff Gordon,Avril Lavigne,6.1,01-11-2003,28,2002–03,6.7,4.1,534
Ray Liotta,The Donnas,5.8,01-18-2003,28,2002–03,6.7,4.1,535
Matthew McConaughey,Dixie Chicks,6,02-8-2003,28,2002–03,6.7,4.1,536
Jennifer Garner,Beck,6.2,02-15-2003,28,2002–03,6.7,4.1,537
Christopher Walken,Foo Fighters,6.8,02-22-2003,28,2002–03,6.7,4.1,538
Queen Latifah,Ms. Dynamite,4.5,03-8-2003,28,2002–03,6.7,4.1,539
Salma Hayek,Christina Aguilera,5.9,03-15-2003,28,2002–03,6.7,4.1,540
Bernie Mac,Good Charlotte,4.9,04-5-2003,28,2002–03,6.7,4.1,541
Ray Romano,Zwan,5.1,04-12-2003,28,2002–03,6.7,4.1,542
Ashton Kutcher,50 Cent,4.4,05-3-2003,28,2002–03,6.7,4.1,543
Adrien Brody,Sean PaulWayne Wonder,5.7,05-10-2003,28,2002–03,6.7,4.1,544
Dan Aykroyd,Beyoncé,5.4,05-17-2003,28,2002–03,6.7,4.1,545
Jack Black,John Mayer,5.5,10-4-2003,29,2003–04,5.5,3.8,546
Justin Timberlake,Justin Timberlake,7.6,10-11-2003,29,2003–04,5.5,3.8,547
Halle Berry,Britney Spears,5.4,10-18-2003,29,2003–04,5.5,3.8,548
Kelly Ripa,Outkast,5.1,11-1-2003,29,2003–04,5.5,3.8,549
Andy Roddick,Dave Matthews & Friends,5.1,11-8-2003,29,2003–04,5.5,3.8,550
Alec Baldwin,Missy Elliott,6,11-15-2003,29,2003–04,5.5,3.8,551
Al Sharpton,Pink,3.9,12-6-2003,29,2003–04,5.5,3.8,552
Elijah Wood,Jet,6.5,12-13-2003,29,2003–04,5.5,3.8,553
Jennifer Aniston,The Black Eyed Peas,7.1,01-10-2004,29,2003–04,5.5,3.8,554
Jessica Simpson & Nick Lachey,G-Unit,5.4,01-17-2004,29,2003–04,5.5,3.8,555
Megan Mullally,Clay Aiken,5.8,02-7-2004,29,2003–04,5.5,3.8,556
Drew Barrymore,Kelis,6.2,02-14-2004,29,2003–04,5.5,3.8,557
Christina Aguilera,Maroon 5,6.2,02-21-2004,29,2003–04,5.5,3.8,558
Colin Firth,Norah Jones,6.4,03-6-2004,29,2003–04,5.5,3.8,559
Ben Affleck,N*E*R*D,5.6,03-13-2004,29,2003–04,5.5,3.8,560
Donald Trump,"Toots & the Maytals featuring Ben Harper, Jack Johnson, Bootsy Collins, and The Roots",5.2,04-3-2004,29,2003–04,5.5,3.8,561
Janet Jackson,Janet Jackson,6,04-10-2004,29,2003–04,5.5,3.8,562
Lindsay Lohan,Usher,6.8,05-1-2004,29,2003–04,5.5,3.8,563
Snoop Dogg,Avril Lavigne,5.3,05-8-2004,29,2003–04,5.5,3.8,564
Mary-Kate and Ashley Olsen,J-Kwon,5.8,05-15-2004,29,2003–04,5.5,3.8,565
Ben Affleck,Nelly,6.9,10-2-2004,30,2004–05,5.1,3.6,566
Queen Latifah,Queen Latifah,5.6,10-9-2004,30,2004–05,5.1,3.6,567
Jude Law,Ashlee Simpson,6.5,10-23-2004,30,2004–05,5.1,3.6,568
Kate Winslet,Eminem,5.9,10-30-2004,30,2004–05,5.1,3.6,569
Liam Neeson,Modest Mouse,6.1,11-13-2004,30,2004–05,5.1,3.6,570
Luke Wilson,U2,6.1,11-20-2004,30,2004–05,5.1,3.6,571
Colin Farrell,Scissor Sisters,6.1,12-11-2004,30,2004–05,5.1,3.6,572
Robert De Niro,Destiny's Child,6.3,12-18-2004,30,2004–05,5.1,3.6,573
Topher Grace,The Killers,6.9,01-15-2005,30,2004–05,5.1,3.6,574
Paul Giamatti,Ludacris featuring Sum 41,6,01-22-2005,30,2004–05,5.1,3.6,575
Paris Hilton,Keane,3.8,02-5-2005,30,2004–05,5.1,3.6,576
Jason Bateman,Kelly Clarkson,7.3,02-12-2005,30,2004–05,5.1,3.6,577
Hilary Swank,50 Cent,5.1,02-19-2005,30,2004–05,5.1,3.6,578
David Spade,Jack Johnson,6.1,03-12-2005,30,2004–05,5.1,3.6,579
Ashton Kutcher,Gwen Stefani,4.9,03-19-2005,30,2004–05,5.1,3.6,580
Cameron Diaz,Green Day,5.7,04-9-2005,30,2004–05,5.1,3.6,581
Tom Brady,Beck,6.5,04-16-2005,30,2004–05,5.1,3.6,582
Johnny Knoxville,System of a Down,6.1,05-7-2005,30,2004–05,5.1,3.6,583
Will Ferrell,Queens of the Stone Age,7.4,05-14-2005,30,2004–05,5.1,3.6,584
Lindsay Lohan,Coldplay,5.8,05-21-2005,30,2004–05,5.1,3.6,585
Steve Carell,Kanye West,6.4,10-1-2005,31,2005–06,4.7,3.2,586
Jon Heder,Ashlee Simpson,5.1,10-8-2005,31,2005–06,4.7,3.2,587
Catherine Zeta-Jones,Franz Ferdinand,6.4,10-22-2005,31,2005–06,4.7,3.2,588
Lance Armstrong,Sheryl Crow,5.5,10-29-2005,31,2005–06,4.7,3.2,589
Jason Lee,Foo Fighters,6.3,11-12-2005,31,2005–06,4.7,3.2,590
Eva Longoria,Korn,6.3,11-19-2005,31,2005–06,4.7,3.2,591
Dane Cook,James Blunt,5.1,12-3-2005,31,2005–06,4.7,3.2,592
Alec Baldwin,Shakira,6.4,12-10-2005,31,2005–06,4.7,3.2,593
Jack Black,Neil Young,6.7,12-17-2005,31,2005–06,4.7,3.2,594
Scarlett Johansson,Death Cab for Cutie,6.9,01-14-2006,31,2005–06,4.7,3.2,595
Peter Sarsgaard,The Strokes,6.7,01-21-2006,31,2005–06,4.7,3.2,596
Steve Martin,Prince,7.6,02-4-2006,31,2005–06,4.7,3.2,597
Natalie Portman,Fall Out Boy,7.9,03-4-2006,31,2005–06,4.7,3.2,598
Matt Dillon,Arctic Monkeys,6.4,03-11-2006,31,2005–06,4.7,3.2,599
Antonio Banderas,Mary J. Blige,6.1,04-8-2006,31,2005–06,4.7,3.2,600
Lindsay Lohan,Pearl Jam,6.7,04-15-2006,31,2005–06,4.7,3.2,601
Tom Hanks,Red Hot Chili Peppers,6.7,05-6-2006,31,2005–06,4.7,3.2,602
Julia Louis-Dreyfus,Paul Simon,6.8,05-13-2006,31,2005–06,4.7,3.2,603
Kevin Spacey,Nelly Furtado,6.6,05-20-2006,31,2005–06,4.7,3.2,604
Dane Cook,The Killers,5.5,09-30-2006,32,2006–07,4.6,3.0,605
Jaime Pressly,Corinne Bailey Rae,5.8,10-7-2006,32,2006–07,4.6,3.0,606
John C. Reilly,My Chemical Romance,6.8,10-21-2006,32,2006–07,4.6,3.0,607
Hugh Laurie,Beck,7.4,10-28-2006,32,2006–07,4.6,3.0,608
Alec Baldwin,Christina Aguilera,7.7,11-11-2006,32,2006–07,4.6,3.0,609
Ludacris,Ludacris,6.2,11-18-2006,32,2006–07,4.6,3.0,610
Matthew Fox,Tenacious D,7.4,12-2-2006,32,2006–07,4.6,3.0,611
Annette Bening,Gwen Stefani and Akon,6.9,12-9-2006,32,2006–07,4.6,3.0,612
Justin Timberlake,Justin Timberlake,8.6,12-16-2006,32,2006–07,4.6,3.0,613
Jake Gyllenhaal,The Shins,7.8,01-13-2007,32,2006–07,4.6,3.0,614
Jeremy Piven,AFI,7.4,01-20-2007,32,2006–07,4.6,3.0,615
Drew Barrymore,Lily Allen,7.5,02-3-2007,32,2006–07,4.6,3.0,616
Forest Whitaker,Keith Urban,6.7,02-10-2007,32,2006–07,4.6,3.0,617
Rainn Wilson,Arcade Fire,7.4,02-24-2007,32,2006–07,4.6,3.0,618
Julia Louis-Dreyfus,Snow Patrol,7.3,03-17-2007,32,2006–07,4.6,3.0,619
Peyton Manning,Carrie Underwood,8,03-24-2007,32,2006–07,4.6,3.0,620
Shia LaBeouf,Avril Lavigne,7.5,04-14-2007,32,2006–07,4.6,3.0,621
Scarlett Johansson,Björk,7.4,04-21-2007,32,2006–07,4.6,3.0,622
Molly Shannon,Linkin Park,7.9,05-12-2007,32,2006–07,4.6,3.0,623
Zach Braff,Maroon 5,7.4,05-19-2007,32,2006–07,4.6,3.0,624
LeBron James,Kanye West,7,09-29-2007,33,2007–08,4.9,3.0,625
Seth Rogen,Spoon,7.3,10-6-2007,33,2007–08,4.9,3.0,626
Jon Bon Jovi,Foo Fighters,7.2,10-13-2007,33,2007–08,4.9,3.0,627
Brian Williams,Feist,7.5,11-3-2007,33,2007–08,4.9,3.0,628
Tina Fey,Carrie Underwood,8,02-23-2008,33,2007–08,4.9,3.0,629
Ellen Page,Wilco,7.5,03-1-2008,33,2007–08,4.9,3.0,630
Amy Adams,Vampire Weekend,7.6,03-8-2008,33,2007–08,4.9,3.0,631
Jonah Hill,Mariah Carey,6.7,03-15-2008,33,2007–08,4.9,3.0,632
Christopher Walken,Panic! at the Disco,7.7,04-5-2008,33,2007–08,4.9,3.0,633
Ashton Kutcher,Gnarls Barkley,7,04-12-2008,33,2007–08,4.9,3.0,634
Shia LaBeouf,My Morning Jacket,7.7,05-10-2008,33,2007–08,4.9,3.0,635
Steve Carell,Usher,7.7,05-17-2008,33,2007–08,4.9,3.0,636
Michael Phelps,Lil Wayne,6,09-13-2008,34,2008–09,5.8,3.9,637
James Franco,Kings of Leon,6.8,09-20-2008,34,2008–09,5.8,3.9,638
Anna Faris,Duffy,6.6,09-27-2008,34,2008–09,5.8,3.9,639
Anne Hathaway,The Killers,7.7,10-4-2008,34,2008–09,5.8,3.9,640
Josh Brolin,Adele,7.6,10-18-2008,34,2008–09,5.8,3.9,641
Jon Hamm,Coldplay,7.6,10-25-2008,34,2008–09,5.8,3.9,642
Ben Affleck,David Cook,7.1,11-1-2008,34,2008–09,5.8,3.9,643
Paul Rudd,Beyoncé,7.6,11-15-2008,34,2008–09,5.8,3.9,644
Tim McGraw,Ludacris & T-Pain,6.4,11-22-2008,34,2008–09,5.8,3.9,645
John Malkovich,T.I.,7.5,12-6-2008,34,2008–09,5.8,3.9,646
Hugh Laurie,Kanye West,6.4,12-13-2008,34,2008–09,5.8,3.9,647
Neil Patrick Harris,Taylor Swift,7.2,01-10-2009,34,2008–09,5.8,3.9,648
Rosario Dawson,Fleet Foxes,6.1,01-17-2009,34,2008–09,5.8,3.9,649
Steve Martin,Jason Mraz,6.5,01-31-2009,34,2008–09,5.8,3.9,650
Bradley Cooper,TV on the Radio,6.5,02-7-2009,34,2008–09,5.8,3.9,651
Alec Baldwin,Jonas Brothers,6.8,02-14-2009,34,2008–09,5.8,3.9,652
Dwayne Johnson,Ray LaMontagne,7.4,03-7-2009,34,2008–09,5.8,3.9,653
Tracy Morgan,Kelly Clarkson,6.4,03-14-2009,34,2008–09,5.8,3.9,654
Seth Rogen,Phoenix,6.4,04-4-2009,34,2008–09,5.8,3.9,655
Zac Efron,Yeah Yeah Yeahs,6.7,04-11-2009,34,2008–09,5.8,3.9,656
Justin Timberlake,Ciara,8.2,05-9-2009,34,2008–09,5.8,3.9,657
Will Ferrell,Green Day,7.8,05-16-2009,34,2008–09,5.8,3.9,658
Megan Fox,U2,6.4,09-26-2009,35,2009–10,5.2,3.5,659
Ryan Reynolds,Lady Gaga,7.2,10-3-2009,35,2009–10,5.2,3.5,660
Drew Barrymore,Regina Spektor,6.3,10-10-2009,35,2009–10,5.2,3.5,661
Gerard Butler,Shakira,7.1,10-17-2009,35,2009–10,5.2,3.5,662
Taylor Swift,Taylor Swift,7.3,11-7-2009,35,2009–10,5.2,3.5,663
January Jones,The Black Eyed Peas,4.8,11-14-2009,35,2009–10,5.2,3.5,664
Joseph Gordon-Levitt,Dave Matthews Band,7.4,11-21-2009,35,2009–10,5.2,3.5,665
Blake Lively,Rihanna,6.7,12-5-2009,35,2009–10,5.2,3.5,666
Taylor Lautner,Bon Jovi,5.9,12-12-2009,35,2009–10,5.2,3.5,667
James Franco,Muse,7,12-19-2009,35,2009–10,5.2,3.5,668
Charles Barkley,Alicia Keys,6.1,01-9-2010,35,2009–10,5.2,3.5,669
Sigourney Weaver,The Ting Tings,6.5,01-16-2010,35,2009–10,5.2,3.5,670
Jon Hamm,Michael Bublé,7.4,01-30-2010,35,2009–10,5.2,3.5,671
Ashton Kutcher,Them Crooked Vultures,6.2,02-6-2010,35,2009–10,5.2,3.5,672
Jennifer Lopez,Jennifer Lopez,6.3,02-27-2010,35,2009–10,5.2,3.5,673
Zach Galifianakis,Vampire Weekend,7.9,03-6-2010,35,2009–10,5.2,3.5,674
Jude Law,Pearl Jam,6.6,03-13-2010,35,2009–10,5.2,3.5,675
Tina Fey,Justin Bieber,7.5,04-10-2010,35,2009–10,5.2,3.5,676
Ryan Phillippe,Ke$ha,6.5,04-17-2010,35,2009–10,5.2,3.5,677
Gabourey Sidibe,MGMT,5.9,04-24-2010,35,2009–10,5.2,3.5,678
Betty White,Jay-Z,8.8,05-8-2010,35,2009–10,5.2,3.5,679
Alec Baldwin,Tom Petty and the Heartbreakers,7,05-15-2010,35,2009–10,5.2,3.5,680
Amy Poehler,Katy Perry,7.5,09-25-2010,36,2010–11,5.2,3.4,681
Bryan Cranston,Kanye West,7,10-2-2010,36,2010–11,5.2,3.4,682
Jane Lynch,Bruno Mars,6.5,10-9-2010,36,2010–11,5.2,3.4,683
Emma Stone,Kings of Leon,7.3,10-23-2010,36,2010–11,5.2,3.4,684
Jon Hamm,Rihanna,6.8,10-30-2010,36,2010–11,5.2,3.4,685
Scarlett Johansson,Arcade Fire,6.6,11-13-2010,36,2010–11,5.2,3.4,686
Anne Hathaway,Florence + the Machine,7,11-20-2010,36,2010–11,5.2,3.4,687
Robert De Niro,Diddy-Dirty Money,6,12-4-2010,36,2010–11,5.2,3.4,688
Paul Rudd,Paul McCartney,6.7,12-11-2010,36,2010–11,5.2,3.4,689
Jeff Bridges,Eminem and Lil Wayne,6.3,12-18-2010,36,2010–11,5.2,3.4,690
Jim Carrey,The Black Keys,7.5,01-8-2011,36,2010–11,5.2,3.4,691
Gwyneth Paltrow,Cee Lo Green,6.5,01-15-2011,36,2010–11,5.2,3.4,692
Jesse Eisenberg,Nicki Minaj,7.4,01-29-2011,36,2010–11,5.2,3.4,693
Dana Carvey,Linkin Park,7.3,02-5-2011,36,2010–11,5.2,3.4,694
Russell Brand,Chris Brown,6.2,02-12-2011,36,2010–11,5.2,3.4,695
Miley Cyrus,The Strokes,6.6,03-5-2011,36,2010–11,5.2,3.4,696
Zach Galifianakis,Jessie J,7.4,03-12-2011,36,2010–11,5.2,3.4,697
Elton John,Elton John,6.4,04-2-2011,36,2010–11,5.2,3.4,698
Helen Mirren,Foo Fighters,6.4,04-9-2011,36,2010–11,5.2,3.4,699
Tina Fey,Ellie Goulding,7.1,05-7-2011,36,2010–11,5.2,3.4,700
Ed Helms,Paul Simon,6.3,05-14-2011,36,2010–11,5.2,3.4,701
Justin Timberlake,Lady Gaga,8.5,05-21-2011,36,2010–11,5.2,3.4,702
Alec Baldwin,Radiohead,7.5,09-24-2011,37,2011–12,5.4,3.3,703
Melissa McCarthy,Lady Antebellum,7.6,10-1-2011,37,2011–12,5.4,3.3,704
Ben Stiller,Foster the People,7.3,10-8-2011,37,2011–12,5.4,3.3,705
Anna Faris,Drake,6.1,10-15-2011,37,2011–12,5.4,3.3,706
Charlie Day,Maroon 5,7.3,11-5-2011,37,2011–12,5.4,3.3,707
Emma Stone,Coldplay,7.5,11-12-2011,37,2011–12,5.4,3.3,708
Jason Segel,Florence + The Machine,7.7,11-19-2011,37,2011–12,5.4,3.3,709
Steve Buscemi,The Black Keys,6.9,12-3-2011,37,2011–12,5.4,3.3,710
Katy Perry,Robyn,7.3,12-10-2011,37,2011–12,5.4,3.3,711
Jimmy Fallon,Michael Bublé,8.5,12-17-2011,37,2011–12,5.4,3.3,712
Charles Barkley,Kelly Clarkson,5.8,01-7-2012,37,2011–12,5.4,3.3,713
Daniel Radcliffe,Lana Del Rey,6.6,01-14-2012,37,2011–12,5.4,3.3,714
Channing Tatum,Bon Iver,6.3,02-4-2012,37,2011–12,5.4,3.3,715
Zooey Deschanel,Karmin,7.7,02-11-2012,37,2011–12,5.4,3.3,716
Maya Rudolph,Sleigh Bells,8.2,02-18-2012,37,2011–12,5.4,3.3,717
Lindsay Lohan,Jack White,6,03-3-2012,37,2011–12,5.4,3.3,718
Jonah Hill,The Shins,7.2,03-10-2012,37,2011–12,5.4,3.3,719
Sofía Vergara,One Direction,7.5,04-7-2012,37,2011–12,5.4,3.3,720
Josh Brolin,Gotye,6.9,04-14-2012,37,2011–12,5.4,3.3,721
Eli Manning,Rihanna,6.5,05-5-2012,37,2011–12,5.4,3.3,722
Will Ferrell,Usher,7.7,05-12-2012,37,2011–12,5.4,3.3,723
Mick Jagger,"Mick Jagger(with Arcade Fire, Foo Fighters, Jeff Beck)",7.9,05-19-2012,37,2011–12,5.4,3.3,724
Seth MacFarlane,Frank Ocean,7.9,09-15-2012,38,2012–13,8.46,3.4,725
Joseph Gordon-Levitt,Mumford & Sons,7.2,09-22-2012,38,2012–13,8.46,3.4,726
Daniel Craig,Muse,6.3,10-6-2012,38,2012–13,8.46,3.4,727
Christina Applegate,Passion Pit,6.9,10-13-2012,38,2012–13,8.46,3.4,728
Bruno Mars,Bruno Mars,7.6,10-20-2012,38,2012–13,8.46,3.4,729
Louis C.K.,fun.,7.5,11-3-2012,38,2012–13,8.46,3.4,730
Anne Hathaway,Rihanna,7.6,11-10-2012,38,2012–13,8.46,3.4,731
Jeremy Renner,Maroon 5,6.7,11-17-2012,38,2012–13,8.46,3.4,732
Jamie Foxx,Ne-Yo,6.6,12-8-2012,38,2012–13,8.46,3.4,733
Martin Short,Paul McCartney,7.8,12-15-2012,38,2012–13,8.46,3.4,734
Jennifer Lawrence,The Lumineers,7,01-19-2013,38,2012–13,8.46,3.4,735
Adam Levine,Kendrick Lamar,6.6,01-26-2013,38,2012–13,8.46,3.4,736
Justin Bieber,Justin Bieber,4.3,02-9-2013,38,2012–13,8.46,3.4,737
Christoph Waltz,Alabama Shakes,7.3,02-16-2013,38,2012–13,8.46,3.4,738
Kevin Hart,Macklemore and Ryan Lewis,6.6,03-2-2013,38,2012–13,8.46,3.4,739
Justin Timberlake,Justin Timberlake,8.6,03-9-2013,38,2012–13,8.46,3.4,740
Melissa McCarthy,Phoenix,7.2,04-6-2013,38,2012–13,8.46,3.4,741
Vince Vaughn,Miguel,5.5,04-13-2013,38,2012–13,8.46,3.4,742
Zach Galifianakis,Of Monsters and Men,7.6,05-4-2013,38,2012–13,8.46,3.4,743
Kristen Wiig,Vampire Weekend,7.4,05-11-2013,38,2012–13,8.46,3.4,744
Ben Affleck,Kanye West,7.6,05-18-2013,38,2012–13,8.46,3.4,745
Tina Fey,Arcade Fire,7.6,09-28-2013,39,2013–14,5.2,3.3,746
Miley Cyrus,Miley Cyrus,6.4,10-5-2013,39,2013–14,5.2,3.3,747
Bruce Willis,Katy Perry,6.4,10-12-2013,39,2013–14,5.2,3.3,748
Edward Norton,Janelle Monáe,7.2,10-26-2013,39,2013–14,5.2,3.3,749
Kerry Washington,Eminem,7.7,11-2-2013,39,2013–14,5.2,3.3,750
Lady Gaga,Lady Gaga,7.8,11-16-2013,39,2013–14,5.2,3.3,751
Josh Hutcherson,HAIM,7.6,11-23-2013,39,2013–14,5.2,3.3,752
Paul Rudd,One Direction,7.2,12-7-2013,39,2013–14,5.2,3.3,753
John Goodman,Kings of Leon,7.2,12-14-2013,39,2013–14,5.2,3.3,754
Jimmy Fallon,Justin Timberlake,8.8,12-21-2013,39,2013–14,5.2,3.3,755
Drake,Drake,7.1,01-18-2014,39,2013–14,5.2,3.3,756
Jonah Hill,Bastille,7.3,01-25-2014,39,2013–14,5.2,3.3,757
Melissa McCarthy,Imagine Dragons,6.5,02-1-2014,39,2013–14,5.2,3.3,758
Jim Parsons,Beck,6,03-1-2014,39,2013–14,5.2,3.3,759
Lena Dunham,The National,6,03-8-2014,39,2013–14,5.2,3.3,760
Louis C.K.,Sam Smith,7.3,03-29-2014,39,2013–14,5.2,3.3,761
Anna Kendrick,Pharrell Williams,7.6,04-5-2014,39,2013–14,5.2,3.3,762
Seth Rogen,Ed Sheeran,6.4,04-12-2014,39,2013–14,5.2,3.3,763
Andrew Garfield,Coldplay,7.5,05-3-2014,39,2013–14,5.2,3.3,764
Charlize Theron,The Black Keys,6.3,05-10-2014,39,2013–14,5.2,3.3,765
Andy Samberg,St. Vincent,8,05-17-2014,39,2013–14,5.2,3.3,766
Chris Pratt,Ariana Grande,6.8,09-27-2014,40,2014–15,4.6,2.7,767
Sarah Silverman,Maroon 5,6.8,10-4-2014,40,2014–15,4.6,2.7,768
Bill Hader,Hozier,8.1,10-11-2014,40,2014–15,4.6,2.7,769
Jim Carrey,Iggy Azalea,7.7,10-25-2014,40,2014–15,4.6,2.7,770
Chris Rock,Prince,6.3,11-1-2014,40,2014–15,4.6,2.7,771
Woody Harrelson,Kendrick Lamar,7.4,11-15-2014,40,2014–15,4.6,2.7,772
Cameron Diaz,Mark Ronson and Bruno Mars,6.2,11-22-2014,40,2014–15,4.6,2.7,773
James Franco,Nicki Minaj,6.5,12-6-2014,40,2014–15,4.6,2.7,774
Martin Freeman,Charli XCX,7.6,12-13-2014,40,2014–15,4.6,2.7,775
Amy Adams,One Direction,7.1,12-20-2014,40,2014–15,4.6,2.7,776
Kevin Hart,Sia,6.9,01-17-2015,40,2014–15,4.6,2.7,777
Blake Shelton,Blake Shelton,5.8,01-24-2015,40,2014–15,4.6,2.7,778
J. K. Simmons,D'Angelo,7.3,01-31-2015,40,2014–15,4.6,2.7,779
Dakota Johnson,Alabama Shakes,6.1,02-28-2015,40,2014–15,4.6,2.7,780
Chris Hemsworth,Zac Brown Band,7.4,03-7-2015,40,2014–15,4.6,2.7,781
Dwayne Johnson,George Ezra,8.1,03-28-2015,40,2014–15,4.6,2.7,782
Michael Keaton,Carly Rae Jepsen,7.5,04-4-2015,40,2014–15,4.6,2.7,783
Taraji P. Henson,Mumford & Sons,5.8,04-11-2015,40,2014–15,4.6,2.7,784
Scarlett Johansson,Wiz Khalifa,6.5,05-2-2015,40,2014–15,4.6,2.7,785
Reese Witherspoon,Florence + the Machine,6.2,05-9-2015,40,2014–15,4.6,2.7,786
Louis C.K.,Rihanna,7.3,05-16-2015,40,2014–15,4.6,2.7,787
Miley Cyrus,Miley Cyrus,6.2,10-3-2015,41,2015–16,4.9,2.9,788
Amy Schumer,The Weeknd,6.8,10-10-2015,41,2015–16,4.9,2.9,789
Tracy Morgan,Demi Lovato,7.5,10-17-2015,41,2015–16,4.9,2.9,790
Donald Trump,Sia,3.4,11-7-2015,41,2015–16,4.9,2.9,791
Elizabeth Banks,Disclosure,6.9,11-14-2015,41,2015–16,4.9,2.9,792
Matthew McConaughey,Adele,7.4,11-21-2015,41,2015–16,4.9,2.9,793
Ryan Gosling,Leon Bridges,7.9,12-5-2015,41,2015–16,4.9,2.9,794
Chris Hemsworth,Chance the Rapper,6.5,12-12-2015,41,2015–16,4.9,2.9,795
Tina Fey & Amy Poehler,Bruce Springsteen & the E Street Band,7.7,12-19-2015,41,2015–16,4.9,2.9,796
Adam Driver,Chris Stapleton,7.5,01-16-2016,41,2015–16,4.9,2.9,797
Ronda Rousey,Selena Gomez,5.9,01-23-2016,41,2015–16,4.9,2.9,798
Larry David,The 1975,8.2,02-6-2016,41,2015–16,4.9,2.9,799
Melissa McCarthy,Kanye West,6.3,02-13-2016,41,2015–16,4.9,2.9,800
Jonah Hill,Future,5.6,03-5-2016,41,2015–16,4.9,2.9,801
Ariana Grande,Ariana Grande,8,03-12-2016,41,2015–16,4.9,2.9,802
Peter Dinklage,Gwen Stefani,7,04-2-2016,41,2015–16,4.9,2.9,803
Russell Crowe,Margo Price,5.5,04-9-2016,41,2015–16,4.9,2.9,804
Julia Louis-Dreyfus,Nick Jonas,6.4,04-16-2016,41,2015–16,4.9,2.9,805
Brie Larson,Alicia Keys,6.2,05-7-2016,41,2015–16,4.9,2.9,806
Drake,Drake,6,05-14-2016,41,2015–16,4.9,2.9,807
Fred Armisen,Courtney Barnett,7.6,05-21-2016,41,2015–16,4.9,2.9,808
Margot Robbie,The Weeknd,7.6,10-1-2016,42,2016–17,4.6,3.5,809
Lin-Manuel Miranda,Twenty One Pilots,7.6,10-8-2016,42,2016–17,4.6,3.5,810
Emily Blunt,Bruno Mars,6.3,10-15-2016,42,2016–17,4.6,3.5,811
Tom Hanks,Lady Gaga,8,10-22-2016,42,2016–17,4.6,3.5,812
Benedict Cumberbatch,Solange,6.5,11-5-2016,42,2016–17,4.6,3.5,813
Dave Chappelle,A Tribe Called Quest,8,11-12-2016,42,2016–17,4.6,3.5,814
Kristen Wiig,The xx,6.5,11-19-2016,42,2016–17,4.6,3.5,815
Emma Stone,Shawn Mendes,6.9,12-3-2016,42,2016–17,4.6,3.5,816
John Cena,Maren Morris,6.2,12-10-2016,42,2016–17,4.6,3.5,817
Casey Affleck,Chance the Rapper,6.7,12-17-2016,42,2016–17,4.6,3.5,818
Felicity Jones,Sturgill Simpson,5.3,01-14-2017,42,2016–17,4.6,3.5,819
Aziz Ansari,Big Sean,7.1,01-21-2017,42,2016–17,4.6,3.5,820
Kristen Stewart,Alessia Cara,8.1,02-4-2017,42,2016–17,4.6,3.5,821
Alec Baldwin,Ed Sheeran,6.9,02-11-2017,42,2016–17,4.6,3.5,822
Octavia Spencer,Father John Misty,5.6,03-4-2017,42,2016–17,4.6,3.5,823
Scarlett Johansson,Lorde,6.9,03-11-2017,42,2016–17,4.6,3.5,824
Louis C.K.,The Chainsmokers,7.5,04-8-2017,42,2016–17,4.6,3.5,825
Jimmy Fallon,Harry Styles,6.6,04-15-2017,42,2016–17,4.6,3.5,826
Chris Pine,LCD Soundsystem,6.1,05-6-2017,42,2016–17,4.6,3.5,827
Melissa McCarthy,HAIM,6.7,05-13-2017,42,2016–17,4.6,3.5,828
Dwayne Johnson,Katy Perry,7.4,05-20-2017,42,2016–17,4.6,3.5,829
Ryan Gosling,Jay-Z,7,09-30-2017,43,2017–18,N/A,N/A,830
Gal Gadot,Sam Smith,6.6,10-7-2017,43,2017–18,N/A,N/A,831
Kumail Nanjiani,P!nk,7.1,10-14-2017,43,2017–18,N/A,N/A,832
Larry David,Miley Cyrus,6.5,11-4-2017,43,2017–18,N/A,N/A,833
Tiffany Haddish,Taylor Swift,6.5,11-11-2017,43,2017–18,N/A,N/A,834
Chance the Rapper,Eminem,6.8,11-18-2017,43,2017–18,N/A,N/A,835
Saoirse Ronan,U2,6.6,12-2-2017,43,2017–18,N/A,N/A,836
James Franco,SZA,7.1,12-9-2017,43,2017–18,N/A,N/A,837
Kevin Hart,Foo Fighters,6.1,12-16-2017,43,2017–18,N/A,N/A,838
Sam Rockwell,Halsey,7.2,01-13-2018,43,2017–18,N/A,N/A,839
Jessica Chastain,Troye Sivan,6.3,01-20-2018,43,2017–18,N/A,N/A,840
Will Ferrell,Chris Stapleton,7.2,01-27-2018,43,2017–18,N/A,N/A,841
Natalie Portman,Dua Lipa,7.2,02-3-2018,43,2017–18,N/A,N/A,842
Charles Barkley,Migos,5.5,03-3-2018,43,2017–18,N/A,N/A,843
Sterling K. Brown,James Bay,6.8,03-10-2018,43,2017–18,N/A,N/A,844
Bill Hader,Arcade Fire,8.2,03-17-2018,43,2017–18,N/A,N/A,845
Chadwick Boseman,Cardi B,6.4,04-7-2018,43,2017–18,N/A,N/A,846
John Mulaney,Jack White,7.5,04-14-2018,43,2017–18,N/A,N/A,847
Donald Glover,Childish Gambino,8,05-5-2018,43,2017–18,N/A,N/A,848
Amy Schumer,Kacey Musgraves,5.4,05-12-2018,43,2017–18,N/A,N/A,849
Tina Fey,Nicki Minaj,6.3,05-19-2018,43,2017–18,N/A,N/A,850
